{"train_loss": [0.6956929205799103, 0.6931465057563782, 0.69322861120224, 0.6931471828269958], "val_loss": [0.6931788593063642, 0.6931766017328773, 0.6931299824598426, 0.6931817016834031], "val_f1": [0.004864413547754747, 0.0048612669209483214, 0.0, 0.004923700740365295], "val_precision": [0.0024382255540594637, 0.002436829871785259, 0.0, 0.0024679260348050157], "val_recall": [0.9852941176470589, 0.9558823529411765, 0.0, 1.0]}